pdb_id,chain,chain_type
5nml,J,heavy
7mhy,O,heavy
1mj7,H,heavy
7ooi,B,heavy
5m7q,A,heavy
6nf5,H,heavy
1a5f,H,heavy
7ean,H,heavy
6wyt,H,heavy
7dk7,e,heavy
7l6v,D,heavy
5drw,A,heavy
5dur,B,heavy
5uem,H,heavy
5ocy,H,heavy
6ir1,B,heavy
4ktd,H,heavy
3v0w,H,heavy
6l62,H,heavy
6nmv,H,heavy
1yc7,B,heavy
6zec,H,heavy
7jks,H,heavy
7m1h,F,heavy
6aj9,D,heavy
3fzu,C,heavy
7mxe,R,heavy
7nkt,B,heavy
5vxk,B,heavy
6xy2,H,heavy
7b2m,D,heavy
5foj,A,heavy
5m2i,J,heavy
6b73,C,heavy
3j6u,H,heavy
7l6v,C,heavy
7jr7,E,heavy
6yxm,H,heavy
3w9e,A,heavy
7kbi,C,heavy
7joo,H,heavy
7ey5,H,heavy
6wdt,H,heavy
6hig,H,heavy
1fai,H,heavy
1iqd,B,heavy
5o14,C,heavy
6qgx,B,heavy
2y6s,H,heavy
6e9q,G,heavy
5c6t,H,heavy
5e8e,B,heavy
7anq,B,heavy
4x7f,C,heavy
4hs6,B,heavy
7eo0,H,heavy
5yup,H,heavy
4cni,H,heavy
1ri8,A,heavy
5mhs,N,heavy
5wb9,H,heavy
5boz,H,heavy
6vgr,C,heavy
6x06,K,heavy
1shm,A,heavy
7kzc,C,heavy
6bkd,H,heavy
7omm,D,heavy
4eig,B,heavy
6vjt,H,heavy
5ysl,A,heavy
6c9w,B,heavy
3q6g,H,heavy
4hf5,H,heavy
6e56,G,heavy
4oaw,D,heavy
7cz0,H,heavy
5lwf,C,heavy
4w6w,B,heavy
4wem,B,heavy
3u9p,K,heavy
7l6v,B,heavy
6rtw,B,heavy
6wn1,B,heavy
1jnl,H,heavy
6xpq,B,heavy
5f1o,B,heavy
1mco,H,heavy
5omm,C,heavy
9bew,H,heavy
8en4,C,heavy
6vug,D,heavy
8dv6,C,heavy
7nik,F,heavy
3mlw,H,heavy
1zan,H,heavy
5kzp,F,heavy
3mme,H,heavy
3qcu,H,heavy
4ubd,S,heavy
5u3k,A,heavy
4hfw,B,heavy
6de7,D,heavy
7fau,B,heavy
3cfk,P,heavy
6xgc,I,heavy
6sge,D,heavy
1bzq,K,heavy
6lxk,J,heavy
7lf2,G,heavy
6x98,F,heavy
3g6a,H,heavy
6oe4,E,heavy
6u6m,H,heavy
6xq0,B,heavy
6osv,H,heavy
6fy3,H,heavy
3jwo,H,heavy
6x04,J,heavy
6xkp,M,heavy
7paf,B,heavy
6pzy,I,heavy
6iw2,K,heavy
4s1q,H,heavy
6vor,C,heavy
4ydk,H,heavy
7nir,F,heavy
6xw6,D,heavy
5kaq,H,heavy
3p30,H,heavy
3hmx,H,heavy
5wcd,H,heavy
6bck,H,heavy
5kg9,A,heavy
4qti,H,heavy
6fyt,I,heavy
5tpl,H,heavy
6wm9,B,heavy
6xw5,D,heavy
6kz0,H,heavy
4xmk,H,heavy
7ey5,B,heavy
7kbb,A,heavy
6dbd,B,heavy
4x0k,H,heavy
1lo2,Y,heavy
4rgn,B,heavy
6tkb,H,heavy
1oau,K,heavy
6oca,D,heavy
6vbq,E,heavy
6n81,H,heavy
7ll1,H,heavy
7kf9,G,heavy
6xm2,F,heavy
1eap,B,heavy
7kd0,C,heavy
5x5x,H,heavy
3go1,H,heavy
6nfj,E,heavy
7kdd,D,heavy
1sjv,A,heavy
7kji,A,heavy
7ar0,B,heavy
5xrq,H,heavy
6ui1,D,heavy
6wds,H,heavy
6ol7,P,heavy
7rnn,C,heavy
7nqa,C,heavy
6xpx,B,heavy
4zs7,H,heavy
3jbe,7,heavy
7djz,A,heavy
6qu9,A,heavy
6nz7,G,heavy
6ze1,B,heavy
6xcj,H,heavy
7bm5,I,heavy
6h2y,H,heavy
2gsi,H,heavy
7n65,C,heavy
5o05,C,heavy
7d4b,B,heavy
5jw5,H,heavy
7kex,G,heavy
7rfc,A,heavy
5nb5,I,heavy
6f0d,B,heavy
5nbm,E,heavy
6cse,H,heavy
6lz9,H,heavy
7cm4,H,heavy
4eiz,C,heavy
6ba5,F,heavy
6bfq,H,heavy
7rfb,A,heavy
4jpw,H,heavy
4rqq,B,heavy
4s10,A,heavy
1jnh,H,heavy
6ute,G,heavy
5t4z,A,heavy
5t3z,D,heavy
5i8k,H,heavy
4c58,B,heavy
6wkl,A,heavy
4ksd,B,heavy
6fpv,A,heavy
3thm,H,heavy
7llk,G,heavy
5obf,H,heavy
4yfl,H,heavy
5d1z,D,heavy
1nmc,H,heavy
5fcu,H,heavy
6cez,H,heavy
1c5d,H,heavy
6rqm,B,heavy
6uul,A,heavy
5kel,C,heavy
7ke1,C,heavy
7rah,D,heavy
6gkd,B,heavy
7kbk,C,heavy
4ios,E,heavy
3fn0,H,heavy
6rcv,H,heavy
3k7u,A,heavy
6mqe,A,heavy
6ocd,B,heavy
2ymx,H,heavy
3gi8,H,heavy
6ot1,H,heavy
6ul6,B,heavy
7ktx,I,heavy
4aq1,D,heavy
3k3q,A,heavy
6vy4,C,heavy
1osp,H,heavy
5uix,H,heavy
5kw9,H,heavy
5u4r,H,heavy
7nj7,F,heavy
7kew,G,heavy
2xtj,D,heavy
4jvp,A,heavy
1qfw,I,heavy
7lx5,A,heavy
4poz,D,heavy
7a17,F,heavy
7e6p,H,heavy
7nc0,H,heavy
5vxm,B,heavy
5vm6,A,heavy
5jds,B,heavy
6pcu,I,heavy
5d1x,B,heavy
3sdy,H,heavy
1jgv,H,heavy
1ztx,H,heavy
6wt3,H,heavy
1lo4,H,heavy
7kdu,C,heavy
6lz4,A,heavy
2qsc,H,heavy
3jbf,7,heavy
7m51,H,heavy
6nmr,F,heavy
7mep,H,heavy
5b71,D,heavy
7o2z,H,heavy
4hxa,H,heavy
6vc9,H,heavy
5kan,H,heavy
4n9g,M,heavy
6dba,B,heavy
6b0h,B,heavy
6nmt,B,heavy
4lgr,B,heavy
4lvn,C,heavy
5vqm,D,heavy
7kyl,X,heavy
6db7,I,heavy
6w5d,H,heavy
5wna,H,heavy
3iy1,B,heavy
5e5m,B,heavy
6v4o,A,heavy
5f21,B,heavy
4o02,H,heavy
6uc6,D,heavy
7mfa,U,heavy
5l0q,C,heavy
5tud,F,heavy
6mqc,A,heavy
5feh,B,heavy
6z6v,H,heavy
1igy,B,heavy
6i8g,B,heavy
7nvo,N,heavy
3vga,C,heavy
6mts,H,heavy
4nc1,E,heavy
5mwn,N,heavy
7ocy,C,heavy
6xxn,F,heavy
6wo3,H,heavy
3ve0,A,heavy
4wv1,B,heavy
6a4k,I,heavy
6h70,C,heavy
6vn0,I,heavy
1jtp,B,heavy
5chn,A,heavy
6oz3,H,heavy
5sv4,B,heavy
7k90,M,heavy
3g9a,B,heavy
5tjw,K,heavy
5ocl,C,heavy
6gg0,H,heavy
7lzp,G,heavy
4lgp,B,heavy
7mej,B,heavy
4r90,H,heavy
5feh,F,heavy
6bkc,H,heavy
6nm6,U,heavy
5fuc,V,heavy
6tyl,J,heavy
6apo,A,heavy
6z2l,C,heavy
7uvl,H,heavy
7t9a,J,heavy
7z3a,G,heavy
7z3a,H,heavy
7ozt,A,heavy
6ch9,Q,heavy
7n0h,Z,heavy
7orb,E,heavy
5w08,K,heavy
5l21,B,heavy
7lg6,J,heavy
6x02,C,heavy
6mwx,O,heavy
2ny3,D,heavy
5jo4,A,heavy
5usf,D,heavy
5bzw,B,heavy
3whe,O,heavy
2ntf,H,heavy
7oh1,E,heavy
6x1v,H,heavy
3ra7,H,heavy
6wo5,C,heavy
6bf4,B,heavy
1kxt,B,heavy
2zcl,H,heavy
6nc2,P,heavy
4yhp,H,heavy
7jkt,H,heavy
5ebl,A,heavy
5dqj,H,heavy
7eh3,A,heavy
7aqx,C,heavy
3u46,A,heavy
6ucf,H,heavy
6db5,H,heavy
5tqa,H,heavy
2bse,F,heavy
1rhh,B,heavy
5wko,K,heavy
5w4l,D,heavy
1ai1,H,heavy
6ksn,A,heavy
6gwp,B,heavy
4pub,H,heavy
7dss,A,heavy
4irz,H,heavy
7kd2,C,heavy
6obc,B,heavy
4x8j,A,heavy
5tkk,H,heavy
5ip4,B,heavy
5trp,H,heavy
6nb8,H,heavy
6vry,H,heavy
7lr4,H,heavy
5vlp,H,heavy
6nb3,H,heavy
4ye4,H,heavy
6jb9,A,heavy
6yxl,H,heavy
5tih,H,heavy
7kn3,M,heavy
4b5e,B,heavy
4lgs,B,heavy
4k3d,H,heavy
6h02,B,heavy
1qnz,H,heavy
6aq7,H,heavy
4kvn,H,heavy
6ddm,B,heavy
7fab,H,heavy
1mcp,H,heavy
6lr7,B,heavy
7aqz,C,heavy
6wo4,H,heavy
3jbc,7,heavy
7jtg,A,heavy
9bir,B,heavy
9bjk,N,heavy
8oyt,E,heavy
8s2e,H,heavy
8v5a,Y,heavy
8zr5,N,heavy
8p5m,G,heavy
8sw4,H,heavy
8sw4,S,heavy
8vfv,H,heavy
6x1t,H,heavy
7aqy,D,heavy
4u3x,A,heavy
6q18,H,heavy
6mph,3,heavy
7mno,H,heavy
6oor,H,heavy
2oqj,E,heavy
6ul6,C,heavy
5y7z,D,heavy
4b50,A,heavy
6vi0,H,heavy
6idk,H,heavy
6wf1,H,heavy
6mto,H,heavy
4ydv,H,heavy
4w2o,A,heavy
5zia,G,heavy
7my3,E,heavy
2r56,I,heavy
5x2o,J,heavy
7orb,H,heavy
4eow,H,heavy
5dmi,H,heavy
4yga,B,heavy
7cws,E,heavy
6p95,D,heavy
4cad,K,heavy
7dm1,D,heavy
7r98,E,heavy
6ell,H,heavy
3g04,B,heavy
5xaj,A,heavy
5ubz,H,heavy
7ns6,H,heavy
5fhc,H,heavy
3ikc,B,heavy
6ni2,A,heavy
5o2u,D,heavy
4s1r,H,heavy
7kcr,H,heavy
7k84,B,heavy
6woz,E,heavy
7kzb,A,heavy
5b3j,H,heavy
6x7w,A,heavy
6qv1,E,heavy
6h6y,H,heavy
7apj,B,heavy
3ncy,P,heavy
6u59,H,heavy
5tr8,H,heavy
6hhd,D,heavy
6u0n,H,heavy
5dfz,E,heavy
4cdg,D,heavy
1fn4,D,heavy
6yxk,A,heavy
7ld1,M,heavy
7kfe,G,heavy
5awn,H,heavy
7kde,H,heavy
4ydl,B,heavy
7b27,C,heavy
6dwa,H,heavy
4uv4,H,heavy
4r4b,F,heavy
6pci,P,heavy
6ogx,C,heavy
4r96,D,heavy
5ilt,H,heavy
5ukr,H,heavy
3eyf,B,heavy
6eqi,B,heavy
6b0n,D,heavy
6wzk,C,heavy
6pef,A,heavy
5w1m,D,heavy
6plh,B,heavy
5hcg,H,heavy
3ghe,H,heavy
4ydi,H,heavy
6u3z,C,heavy
1kxv,D,heavy
7na9,D,heavy
7lfb,H,heavy
5nqw,C,heavy
3mlt,H,heavy
2fb4,H,heavy
5jor,D,heavy
6nip,H,heavy
7r63,A,heavy
6cde,M,heavy
7jkb,B,heavy
6u53,A,heavy
3k74,B,heavy
7lua,i,heavy
7n9t,D,heavy
4w2p,B,heavy
7r74,D,heavy
2b1h,H,heavy
6s3t,N,heavy
7oau,B,heavy
5drz,H,heavy
6v4n,C,heavy
6ldy,A,heavy
1bfo,H,heavy
6dc5,H,heavy
5vl2,B,heavy
6urh,H,heavy
7kfh,G,heavy
4r7n,I,heavy
6n8d,D,heavy
4jo4,H,heavy
7a3t,H,heavy
1ezv,X,heavy
7l7r,B,heavy
6i9i,H,heavy
6udk,M,heavy
7oaq,A,heavy
6vi4,C,heavy
6p3s,S,heavy
6bli,D,heavy
7dpm,A,heavy
4jhw,H,heavy
5w23,H,heavy
4yqx,H,heavy
6c08,D,heavy
4u05,A,heavy
4yue,H,heavy
6k7o,F,heavy
7d5z,P,heavy
6qcu,H,heavy
4ptt,B,heavy
3r06,D,heavy
6azx,C,heavy
6e4x,Z,heavy
6xpz,B,heavy
1nfd,H,heavy
3mlx,I,heavy
6xxo,A,heavy
5cd3,G,heavy
7nfr,B,heavy
7nj5,F,heavy
6y0e,B,heavy
6mns,A,heavy
4xzu,E,heavy
7n9b,F,heavy
6e8v,c,heavy
5my6,B,heavy
4jm4,H,heavy
4u6h,A,heavy
4glr,J,heavy
6vy5,H,heavy
5fgc,E,heavy
3v6o,C,heavy
1uwg,H,heavy
1flr,H,heavy
4jpv,H,heavy
5f9w,B,heavy
6dcv,H,heavy
6do1,E,heavy
5m94,B,heavy
6q23,H,heavy
2fl5,H,heavy
7m6f,C,heavy
4lhq,D,heavy
6wtv,H,heavy
4gft,B,heavy
5ldn,H,heavy
4jzj,H,heavy
6okp,Q,heavy
3bqu,D,heavy
1za6,F,heavy
7dm2,H,heavy
5bk3,C,heavy
6ukt,F,heavy
5dum,H,heavy
5w1k,D,heavy
1rih,H,heavy
3ztj,G,heavy
5w3e,E,heavy
2aj3,F,heavy
3e8u,H,heavy
4idj,H,heavy
6i53,G,heavy
6ct7,H,heavy
6dwi,P,heavy
2or9,I,heavy
3o2d,H,heavy
1hh6,B,heavy
1etz,B,heavy
7kpg,H,heavy
5mje,B,heavy
7l5b,H,heavy
6fy1,H,heavy
6xja,H,heavy
4zto,H,heavy
3jbd,7,heavy
5cck,H,heavy
6p91,H,heavy
3ld8,C,heavy
2a9m,H,heavy
2xv6,D,heavy
7m1c,H,heavy
5ywo,N,heavy
6qn8,C,heavy
7bm5,B,heavy
4ht1,H,heavy
6p9i,C,heavy
2g2r,H,heavy
6ubi,D,heavy
5anm,D,heavy
4nzu,H,heavy
6p9j,H,heavy
7rai,I,heavy
6dw2,B,heavy
4hh9,D,heavy
2w9e,H,heavy
6z06,H,heavy
1rjc,A,heavy
6w4m,H,heavy
6fyw,C,heavy
5d1q,C,heavy
4rwy,H,heavy
5vxj,H,heavy
6mef,H,heavy
4uv7,H,heavy
4v1d,D,heavy
4dtg,H,heavy
6ad0,H,heavy
6eay,H,heavy
4hfu,H,heavy
6opa,S,heavy
5i9q,H,heavy
5en2,A,heavy
5kem,B,heavy
2hh0,H,heavy
6xrt,H,heavy
5o04,E,heavy
7n0a,B,heavy
6woq,J,heavy
7l6v,E,heavy
6v7y,F,heavy
5t33,H,heavy
2x1q,B,heavy
1ikf,H,heavy
4w6y,B,heavy
3jbg,7,heavy
5e0q,A,heavy
6o1f,H,heavy
7n4j,H,heavy
5v6l,H,heavy
5w6g,H,heavy
6oq7,C,heavy
3uji,H,heavy
1yed,H,heavy
7m1h,E,heavy
5dt1,H,heavy
3zkx,C,heavy
8owt,A,heavy
8owt,F,heavy
8t49,H,heavy
8t4d,H,heavy
8t4l,H,heavy
8t60,B,heavy
8g79,O,heavy
8sxj,C,heavy
8kfa,H,heavy
8be5,C,heavy
8be5,N,heavy
6x05,K,heavy
8en1,C,heavy
8emy,G,heavy
8en5,E,heavy
8en6,C,heavy
4f57,H,heavy
6os0,D,heavy
7km5,D,heavy
5mp2,D,heavy
7lm8,H,heavy
7n0i,K,heavy
6pdu,H,heavy
7o9s,H,heavy
6j15,A,heavy
6nnj,U,heavy
7fg3,D,heavy
6iuv,C,heavy
6tyl,C,heavy
5v7u,H,heavy
6i2g,A,heavy
6fyu,C,heavy
6y1r,C,heavy
6wit,H,heavy
6jri,C,heavy
7o3b,A,heavy
6wo5,G,heavy
5td8,E,heavy
5lhn,B,heavy
7lzp,B,heavy
1uj3,B,heavy
1a3l,H,heavy
3eak,A,heavy
6uft,B,heavy
7djy,C,heavy
3mj8,B,heavy
4rnr,A,heavy
6pdx,M,heavy
7n28,X,heavy
6bkb,H,heavy
5u3n,H,heavy
5t5f,H,heavy
1bey,H,heavy
4wen,B,heavy
5ewi,H,heavy
6mee,C,heavy
4qo1,A,heavy
6e9u,A,heavy
3ubx,H,heavy
6ddv,B,heavy
7f5g,B,heavy
3u0t,D,heavy
6tyb,H,heavy
5vta,K,heavy
6qd6,A,heavy
3qpx,H,heavy
4hep,G,heavy
7joo,K,heavy
5ug0,D,heavy
4weu,E,heavy
7eaj,F,heavy
4lqf,H,heavy
3u6r,A,heavy
7l6v,F,heavy
6knm,A,heavy
6e3h,H,heavy
5ivn,A,heavy
2g60,H,heavy
6ln2,C,heavy
7k9z,B,heavy
7n64,H,heavy
1fig,H,heavy
5dlm,H,heavy
6x5e,B,heavy
3iy0,H,heavy
4m6o,H,heavy
6mtt,H,heavy
7eow,B,heavy
6q6z,B,heavy
6uht,D,heavy
7m7w,A,heavy
2yc1,A,heavy
6s0y,A,heavy
7oh0,C,heavy
7e53,B,heavy
6ohg,C,heavy
4ocr,H,heavy
3skj,H,heavy
5fuu,H,heavy
6qxe,M,heavy
5js9,A,heavy
5js9,E,heavy
8fwh,H,heavy
7yrn,D,heavy
8gpk,A,heavy
8aon,B,heavy
4ffy,H,heavy
8dp1,R,heavy
8c8t,C,heavy
6p8d,A,heavy
6vo0,H,heavy
7kqh,H,heavy
2hmi,D,heavy
5u3j,H,heavy
4pir,H,heavy
5b4m,H,heavy
7m8l,H,heavy
1uyw,H,heavy
6ral,C,heavy
4tuo,A,heavy
5o0w,H,heavy
7ls9,H,heavy
3jcx,H,heavy
5u65,B,heavy
1f4w,H,heavy
6u55,A,heavy
4rzc,E,heavy
6vy2,H,heavy
5n09,I,heavy
5vxl,B,heavy
6ml8,H,heavy
2a1w,I,heavy
6nmu,B,heavy
6obz,A,heavy
7nk6,F,heavy
6dez,H,heavy
5vig,H,heavy
7e7x,H,heavy
4d3c,H,heavy
2z4q,B,heavy
4nrz,H,heavy
5ijv,H,heavy
5uk4,r,heavy
5mp6,H,heavy
3uc0,I,heavy
1u8p,B,heavy
5c0s,H,heavy
4i13,B,heavy
1kxq,G,heavy
1ghf,H,heavy
6obe,B,heavy
7mdu,H,heavy
6oq5,F,heavy
3j5m,H,heavy
6wty,H,heavy
4uao,C,heavy
1lk3,I,heavy
6xrj,E,heavy
6rcv,J,heavy
7b2q,D,heavy
7n6p,H,heavy
7bud,G,heavy
4zs6,C,heavy
2ok0,H,heavy
6srx,I,heavy
6jfi,H,heavy
3l7f,H,heavy
7ri1,B,heavy
3o0r,H,heavy
4o5i,W,heavy
7kdm,C,heavy
7o31,X,heavy
5alb,H,heavy
1zvo,D,heavy
5hys,A,heavy
7luc,N,heavy
5e7b,A,heavy
5m63,H,heavy
6plk,H,heavy
4odu,H,heavy
7e6u,D,heavy
5viy,H,heavy
7k75,A,heavy
2vis,B,heavy
3qeh,C,heavy
7kn4,M,heavy
1igj,D,heavy
7rku,E,heavy
4krm,B,heavy
5ty6,H,heavy
1bfv,H,heavy
6qkd,I,heavy
4i0c,D,heavy
7n9e,D,heavy
4s1s,H,heavy
7lbe,H,heavy
4fz8,H,heavy
6pds,B,heavy
7p2d,C,heavy
4mqs,B,heavy
7d6y,B,heavy
6oz2,H,heavy
4idl,A,heavy
6qgw,B,heavy
1mvf,A,heavy
6u6u,H,heavy
7r8u,H,heavy
3c5s,B,heavy
4j6r,H,heavy
6k65,H,heavy
3piq,H,heavy
5u64,B,heavy
5jq6,H,heavy
6xzw,H,heavy
5o4g,B,heavy
6u6o,H,heavy
6r7t,A,heavy
4lsu,H,heavy
4fhb,D,heavy
6itc,V,heavy
6e9g,A,heavy
1oar,I,heavy
6t3f,H,heavy
3ln9,A,heavy
7a48,A,heavy
7k7h,H,heavy
7khf,A,heavy
1n4x,H,heavy
7aj6,H,heavy
7rga,F,heavy
7luc,F,heavy
5m2m,J,heavy
2x89,A,heavy
6hjy,J,heavy
4orz,C,heavy
4qhm,C,heavy
6oc8,C,heavy
3i75,B,heavy
5ovw,I,heavy
5tkj,J,heavy
4xvt,H,heavy
6uye,G,heavy
6e1k,D,heavy
6ey6,K,heavy
5nml,F,heavy
3if1,D,heavy
1ol0,B,heavy
7mdt,H,heavy
4q6i,H,heavy
6x07,B,heavy
4fze,H,heavy
5dd5,H,heavy
7ndf,C,heavy
5aum,A,heavy
6rnk,B,heavy
6ssi,H,heavy
7nj3,F,heavy
3iy3,B,heavy
5ukb,e,heavy
5vl3,H,heavy
7n9c,E,heavy
5njg,E,heavy
6xun,C,heavy
5v8l,J,heavy
5ggs,C,heavy
6u51,A,heavy
5fuo,H,heavy
4lmq,E,heavy
6vbp,J,heavy
6itq,C,heavy
1um4,H,heavy
1ind,H,heavy
6oq6,D,heavy
4dag,H,heavy
7lu9,l,heavy
6fxn,D,heavy
4ydj,A,heavy
6pyc,A,heavy
7mzl,H,heavy
6vvu,G,heavy
6jbt,H,heavy
7mem,H,heavy
1zv5,A,heavy
1mf2,N,heavy
6cxc,G,heavy
4xbg,H,heavy
7l77,H,heavy
6vn1,J,heavy
4am0,C,heavy
5dhv,H,heavy
6sf6,A,heavy
6dfj,H,heavy
7mjh,D,heavy
6pis,I,heavy
4jy6,B,heavy
2x6m,A,heavy
1f58,H,heavy
7r7n,H,heavy
5i8o,H,heavy
3tnm,H,heavy
1qd0,A,heavy
5ku2,7,heavy
5e99,H,heavy
6t9e,A,heavy
7a3u,H,heavy
4ocw,H,heavy
6snd,H,heavy
1i3v,A,heavy
6qn7,A,heavy
7n05,L,kappa
5u3n,L,kappa
1baf,L,kappa
5ewi,L,kappa
2gsi,A,kappa
5esz,L,kappa
3ntc,L,kappa
5d1x,A,kappa
7ezv,L,kappa
7k66,C,kappa
6x97,K,kappa
6mtp,L,kappa
6lz4,B,kappa
4m1c,D,kappa
5d1x,D,kappa
2qsc,L,kappa
5cd5,D,kappa
7mep,L,kappa
5xrq,L,kappa
6m3c,J,kappa
5b71,C,kappa
6vc9,L,kappa
5kan,L,kappa
4c83,B,kappa
4yhm,L,kappa
6xpx,C,kappa
4hbc,L,kappa
6qu9,B,kappa
7nks,D,kappa
6nz7,I,kappa
6xcj,L,kappa
1mqk,L,kappa
7kqi,C,kappa
5viy,I,kappa
7mhy,P,kappa
3qrg,L,kappa
6rps,M,kappa
6fg2,L,kappa
2orb,L,kappa
5uem,L,kappa
5uy3,B,kappa
6xm2,G,kappa
7eya,L,kappa
3mcl,L,kappa
6xy2,L,kappa
5i9q,C,kappa
7joo,L,kappa
6n16,J,kappa
4lsp,L,kappa
6wdt,L,kappa
4ywg,M,kappa
6hig,L,kappa
6mqr,L,kappa
7mxd,Y,kappa
3u0t,C,kappa
1qfw,L,kappa
7jwq,B,kappa
6u36,L,kappa
5u3k,B,kappa
3v4v,L,kappa
1psk,L,kappa
6mxs,B,kappa
7luc,O,kappa
5m63,L,kappa
5tq0,L,kappa
3qeh,D,kappa
4ers,L,kappa
6xp6,G,kappa
7bm5,E,kappa
7mdj,B,kappa
5dd6,L,kappa
6ug8,L,kappa
3sge,I,kappa
3i75,A,kappa
1xct,C,kappa
1mlb,A,kappa
5bzw,A,kappa
2aju,L,kappa
4xcn,F,kappa
7oh1,D,kappa
6m38,L,kappa
6x1v,L,kappa
4n1e,A,kappa
3ra7,L,kappa
6wo5,D,kappa
6bf4,C,kappa
4dn4,L,kappa
5k8a,M,kappa
6nc2,U,kappa
7jkt,L,kappa
3mxv,L,kappa
6did,E,kappa
4tul,L,kappa
6p8n,D,kappa
5u3j,L,kappa
6u1t,L,kappa
6p3s,N,kappa
3jcx,L,kappa
1uz6,V,kappa
6vo0,L,kappa
6vel,L,kappa
6s3t,M,kappa
3vi3,E,kappa
6adc,F,kappa
7fci,L,kappa
6v4n,G,kappa
6wxl,J,kappa
6dfj,L,kappa
6pis,M,kappa
6p62,D,kappa
6dzr,L,kappa
5feh,A,kappa
3vga,B,kappa
6uum,F,kappa
6p9h,L,kappa
5ty6,L,kappa
1bfv,L,kappa
4wht,B,kappa
5v6l,M,kappa
4jo1,L,kappa
1ahw,D,kappa
4ydk,L,kappa
1f58,L,kappa
7r7n,L,kappa
1ad0,A,kappa
6t9e,B,kappa
1i9r,M,kappa
5nb5,M,kappa
5kn5,E,kappa
6cse,L,kappa
7k7i,Y,kappa
4xmk,L,kappa
6cwt,D,kappa
3hr5,A,kappa
6dc9,L,kappa
6rcs,B,kappa
4qww,C,kappa
4odw,L,kappa
7kcr,L,kappa
7kzb,B,kappa
4lvh,I,kappa
6u59,L,kappa
4r0l,L,kappa
6ujc,F,kappa
6ba5,E,kappa
6jjp,E,kappa
6bfq,L,kappa
4r9y,M,kappa
6pds,A,kappa
6x98,E,kappa
6oe4,F,kappa
7mjj,G,kappa
6u6m,L,kappa
2x7l,I,kappa
6lkt,B,kappa
6osv,L,kappa
5vod,L,kappa
1nfd,G,kappa
6amj,L,kappa
5w3e,G,kappa
2aj3,E,kappa
4idj,L,kappa
6hxw,D,kappa
1bvl,B,kappa
6btj,B,kappa
6nmr,B,kappa
5jw5,L,kappa
6n4r,K,kappa
7kex,J,kappa
7rfc,B,kappa
5u3o,L,kappa
1i7z,A,kappa
7f7e,L,kappa
5d1z,C,kappa
6ldv,L,kappa
6mqe,B,kappa
2vxq,L,kappa
7ktx,J,kappa
5w1m,C,kappa
6fgb,L,kappa
6bpd,B,kappa
6u3z,D,kappa
6wmw,N,kappa
6al4,A,kappa
4zfo,L,kappa
6otc,L,kappa
6ldx,L,kappa
6mam,B,kappa
6ldw,L,kappa
3iy7,A,kappa
1it9,L,kappa
1osp,L,kappa
2arj,L,kappa
5u4r,L,kappa
4kuc,D,kappa
5dmg,F,kappa
3hnt,L,kappa
7kew,J,kappa
2xtj,B,kappa
4rx4,D,kappa
5th9,L,kappa
6bpe,C,kappa
7arn,L,kappa
6vry,L,kappa
7jtf,D,kappa
5fha,L,kappa
6u6u,L,kappa
5tpn,L,kappa
4j6r,L,kappa
8s2e,L,kappa
8p5m,L,kappa
8sw4,L,kappa
8sw4,R,kappa
8rda,L,kappa
8t4d,L,kappa
9eq3,L,kappa
8kfa,L,kappa
5fuu,L,kappa
5js9,F,kappa
8fwh,L,kappa
7t9t,D,kappa
8gpk,B,kappa
8aon,C,kappa
2ybr,H,kappa
4ffy,L,kappa
8dp1,M,kappa
5kaq,G,kappa
6urh,L,kappa
4r7n,J,kappa
6ye3,E,kappa
6n8d,B,kappa
4jo4,L,kappa
4m43,L,kappa
1ezv,Y,kappa
4jre,L,kappa
6i9i,L,kappa
6udk,N,kappa
4yqx,L,kappa
6svl,P,kappa
3hc3,L,kappa
6wzk,B,kappa
6a77,L,kappa
5dmi,L,kappa
7cws,D,kappa
6mqm,E,kappa
2vh5,L,kappa
6h06,F,kappa
5n4g,L,kappa
6w05,L,kappa
4jm4,L,kappa
3ve0,B,kappa
5drn,B,kappa
4wv1,A,kappa
6x1u,L,kappa
4s1d,P,kappa
6flb,L,kappa
5chn,B,kappa
4zd3,L,kappa
6xpy,C,kappa
6m58,D,kappa
6ous,R,kappa
6x1w,L,kappa
3v6o,F,kappa
4jpv,L,kappa
5f9w,C,kappa
6dcv,L,kappa
6q23,L,kappa
7mfr,X,kappa
5u3p,L,kappa
5ldn,L,kappa
3bqu,C,kappa
3kdm,L,kappa
6wiy,L,kappa
1fe8,L,kappa
6n7j,L,kappa
6nmu,A,kappa
4z0b,L,kappa
5w05,L,kappa
6yxk,B,kappa
2gfb,K,kappa
6bdz,L,kappa
6mto,L,kappa
6vsr,B,kappa
4ydv,L,kappa
6okm,L,kappa
3j42,L,kappa
6cde,L,kappa
7jkm,L,kappa
4hc1,N,kappa
5mi0,C,kappa
5jor,A,kappa
7lua,j,kappa
1a6t,A,kappa
1ggi,L,kappa
6mfp,L,kappa
2qtj,L,kappa
6nms,A,kappa
3opz,M,kappa
7kqh,L,kappa
2hmi,C,kappa
3g5y,A,kappa
6v4o,B,kappa
4mhh,L,kappa
8ivw,C,kappa
8ivx,L,kappa
8dcm,B,kappa
4edw,L,kappa
7o4y,L,kappa
4cc8,J,kappa
7ui0,L,kappa
7t1w,L,kappa
7uvl,L,kappa
7x38,L,kappa
7u0p,F,kappa
4o51,A,kappa
7lg6,M,kappa
4ffv,L,kappa
2ny3,C,kappa
6x1t,L,kappa
1wtl,B,kappa
6wj1,K,kappa
6oor,L,kappa
7bh8,H,kappa
4fqr,b,kappa
7rlw,D,kappa
7kq7,L,kappa
4qxg,L,kappa
7ahu,A,kappa
4r4n,G,kappa
7nfd,C,kappa
5v8l,N,kappa
5ggs,D,kappa
4d9r,L,kappa
1fj1,A,kappa
5fuo,L,kappa
6wor,L,kappa
7lyv,B,kappa
4yue,L,kappa
6k7o,G,kappa
7d5z,O,kappa
4ptt,A,kappa
3s36,L,kappa
3r06,C,kappa
6azx,D,kappa
3u9p,L,kappa
6e4x,Y,kappa
4jfy,A,kappa
6cxc,J,kappa
3eot,L,kappa
7l77,L,kappa
5hbt,C,kappa
1hq4,C,kappa
5c0n,D,kappa
6foe,B,kappa
4ydl,C,kappa
1hzh,M,kappa
6jhq,E,kappa
4r96,C,kappa
4zto,L,kappa
6p91,L,kappa
1frg,L,kappa
3ld8,B,kappa
6dwc,L,kappa
5ea0,L,kappa
7m1c,L,kappa
4ht1,L,kappa
6ubi,E,kappa
4nzu,L,kappa
6eay,L,kappa
7mzl,L,kappa
6xzw,L,kappa
7c80,L,kappa
6aj9,L,kappa
4xvs,L,kappa
4k3j,L,kappa
5umi,L,kappa
6t3f,L,kappa
7k7h,L,kappa
7amr,L,kappa
3u46,B,kappa
6ucf,L,kappa
1ad9,A,kappa
1gpo,M,kappa
7lk4,E,kappa
3v6f,L,kappa
1u8p,A,kappa
3oay,L,kappa
1jps,L,kappa
4uao,B,kappa
1lk3,M,kappa
7n6p,L,kappa
5k9q,V,kappa
4zs6,D,kappa
3u7w,L,kappa
4z5r,V,kappa
6bae,A,kappa
6ldy,B,kappa
1bfo,G,kappa
6dc5,I,kappa
3so3,B,kappa
5vig,L,kappa
6yhq,L,kappa
4g6k,L,kappa
6vos,L,kappa
4d3c,L,kappa
6peh,B,kappa
2fbj,L,kappa
7ki6,L,kappa
6vbo,L,kappa
6w16,L,kappa
5i8k,L,kappa
4xny,L,kappa
4llv,D,kappa
6n6b,L,kappa
6yxl,L,kappa
1l7t,L,kappa
6aq7,L,kappa
4kvn,L,kappa
5zs0,A,kappa
6wgb,D,kappa
2d7t,L,kappa
7e5o,L,kappa
7jtg,B,kappa
7r6x,D,kappa
5nyx,P,kappa
5e2u,L,kappa
5kem,C,kappa
7n0a,A,kappa
3se9,L,kappa
6wg0,L,kappa
5xaj,B,kappa
6e1k,C,kappa
1bz7,A,kappa
6att,L,kappa
6o3l,B,kappa
7cwt,J,kappa
7oo2,D,kappa
7f35,E,kappa
4m1g,L,kappa
5aum,B,kappa
5k9o,L,kappa
6snc,A,kappa
5i5k,Y,kappa
2nyy,C,kappa
6bb4,M,kappa
6ol6,B,kappa
4jpw,L,kappa
4rqq,A,kappa
6okq,C,kappa
7nd0,L,kappa
6dwi,O,kappa
3cmo,L,kappa
7n0u,L,kappa
4rzc,F,kappa
6xq2,E,kappa
7doh,L,kappa
5o14,D,kappa
5v6m,L,kappa
3qpx,L,kappa
5w5z,L,kappa
4hs6,A,kappa
1ct8,A,kappa
6e3h,L,kappa
3iy0,L,kappa
5vzr,L,kappa
5yup,L,kappa
4cni,L,kappa
5wb9,L,kappa
3fmg,L,kappa
7ey0,L,kappa
4x4x,D,kappa
6ohg,B,kappa
6vgr,D,kappa
7e3c,C,kappa
4jb9,L,kappa
4r8w,L,kappa
6vjt,L,kappa
6o89,L,kappa
5mtl,C,lambda
6glw,L,lambda
6gku,L,lambda
5t33,L,lambda
6oz2,L,lambda
6bck,L,lambda
5w6c,L,lambda
3wsq,L,lambda
6chb,N,lambda
4y5v,E,lambda
6ct7,L,lambda
7kpg,L,lambda
6fy1,L,lambda
4fqc,L,lambda
4o9h,L,lambda
5f6i,C,lambda
6wyr,L,lambda
6w5d,L,lambda
5mvg,A,lambda
6vca,F,lambda
5bq7,B,lambda
3hae,L,lambda
7lu9,k,lambda
3nh7,O,lambda
6wn1,F,lambda
4ydj,B,lambda
6qna,F,lambda
5n4j,L,lambda
5njd,U,lambda
6mts,L,lambda
5w08,J,lambda
3t2n,L,lambda
6urm,L,lambda
6iec,K,lambda
6fy3,L,lambda
6nfn,A,lambda
6glx,D,lambda
5fgc,B,lambda
6a4k,M,lambda
4utb,M,lambda
1nl0,L,lambda
6mqs,D,lambda
7lsb,D,lambda
7lcn,D,lambda
4ocw,L,lambda
7lxw,L,lambda
6qn7,B,lambda
2fl5,L,lambda
6b5r,L,lambda
6id4,L,lambda
5aze,L,lambda
6wtv,I,lambda
4k3h,E,lambda
6pwu,L,lambda
4rnr,D,lambda
5wcd,L,lambda
7n0x,L,lambda
6xlz,L,lambda
3lmj,L,lambda
5awn,L,lambda
7kde,L,lambda
2xqb,L,lambda
6grz,A,lambda
6mi2,E,lambda
6nb5,M,lambda
6pcu,H,lambda
7ey0,B,lambda
5iie,L,lambda
6j6y,C,lambda
5jny,D,lambda
6wh9,F,lambda
6wty,F,lambda
6p9j,B,lambda
7eo0,L,lambda
5wca,L,lambda
8zc3,D,lambda
8t49,L,lambda
8c8t,D,lambda
8e1p,I,lambda
8sau,D,lambda
8sb4,D,lambda
8dv6,L,lambda
8gpu,L,lambda
7fei,L,lambda
7dm1,C,lambda
6s8i,O,lambda
6oo0,L,lambda
2old,B,lambda
7mdt,L,lambda
4fze,L,lambda
3nps,C,lambda
7mzk,E,lambda
3mlw,L,lambda
6e65,L,lambda
6xgc,J,lambda
4uom,L,lambda
5alb,L,lambda
7kn4,N,lambda
6oro,E,lambda
7m7w,D,lambda
6ch8,R,lambda
4r2g,M,lambda
3ghe,L,lambda
3ghb,L,lambda
7kqk,L,lambda
3tyg,L,lambda
4rfe,F,lambda
4ocr,L,lambda
3u4e,L,lambda
6n5b,L,lambda
3q6g,L,lambda
7z3a,L,lambda
5cjs,L,lambda
1jvk,A,lambda
7dc8,A,lambda
3t0v,A,lambda
7l2e,L,lambda
2qhr,L,lambda
5fhc,B,lambda
4hkb,D,lambda
3mlt,L,lambda
2fb4,L,lambda
4qhu,A,lambda
4xx1,L,lambda
7nd4,L,lambda
2b1h,L,lambda
8fab,A,lambda
7khf,L,lambda
5ifj,K,lambda
1bjm,A,lambda
6q1j,L,lambda
4qhm,D,lambda
4ut6,M,lambda
6db5,L,lambda
5mp6,L,lambda
4khx,L,lambda
5nh3,M,lambda
6b0n,E,lambda
6h5n,B,lambda
5i8h,J,lambda
4kte,L,lambda
7d3k,L,lambda
3thm,L,lambda
4yfl,L,lambda
7fab,L,lambda
5whz,L,lambda
6xrt,L,lambda
5muh,A,lambda
4lsu,L,lambda
4od1,L,lambda
5cgy,L,lambda
6vtu,L,lambda
5dt1,L,lambda
4unt,H,lambda
4r90,L,lambda
7czt,M,lambda
6srv,L,lambda
5ir3,A,lambda
3mj8,A,lambda
6pdx,N,lambda
5od0,L,lambda
3go1,L,lambda
6cbj,L,lambda
4zs7,L,lambda
5cex,C,lambda
6h2y,L,lambda
1mcw,W,lambda
5fgb,B,lambda
3lrg,A,lambda
7e5y,B,lambda
6wyt,L,lambda
1oau,M,lambda
1lil,B,lambda
6e9q,H,lambda
5d71,L,lambda
